id,"Угол нашивки, град",Шаг нашивки,Плотность нашивки
0,0.000000000,4.000000000,57.000000000
1,0.000000000,4.000000000,60.000000000
2,0.000000000,4.000000000,70.000000000
3,0.000000000,5.000000000,47.000000000
4,0.000000000,5.000000000,57.000000000
5,0.000000000,5.000000000,60.000000000
6,0.000000000,5.000000000,70.000000000
7,0.000000000,7.000000000,47.000000000
8,0.000000000,7.000000000,57.000000000
9,0.000000000,7.000000000,60.000000000
10,0.000000000,7.000000000,70.000000000
11,0.000000000,9.000000000,47.000000000
12,0.000000000,9.000000000,57.000000000
13,0.000000000,9.000000000,60.000000000
14,0.000000000,9.000000000,70.000000000
15,0.000000000,10.000000000,47.000000000
16,0.000000000,10.000000000,57.000000000
17,0.000000000,10.000000000,60.000000000
18,0.000000000,10.000000000,70.000000000
19,0.000000000,0.000000000,0.000000000
20,90.000000000,4.000000000,47.000000000
21,90.000000000,4.000000000,57.000000000
22,90.000000000,4.000000000,60.000000000
23,90.000000000,4.000000000,70.000000000
24,90.000000000,5.000000000,47.000000000
25,90.000000000,5.000000000,57.000000000
26,90.000000000,5.000000000,60.000000000
27,90.000000000,5.000000000,70.000000000
28,90.000000000,7.000000000,47.000000000
29,90.000000000,7.000000000,57.000000000
30,90.000000000,7.000000000,60.000000000
31,90.000000000,7.000000000,70.000000000
32,90.000000000,9.000000000,47.000000000
33,90.000000000,9.000000000,57.000000000
34,90.000000000,9.000000000,60.000000000
35,90.000000000,9.000000000,70.000000000
36,90.000000000,10.000000000,47.000000000
37,90.000000000,10.000000000,57.000000000
38,90.000000000,10.000000000,60.000000000
39,90.000000000,10.000000000,70.000000000
40,0.000000000,7.856166547,64.301963850
41,0.000000000,7.401542567,19.250533140
42,0.000000000,6.675780339,78.623299340
43,0.000000000,7.526398320,38.176975320
44,0.000000000,8.325699220,46.045427630
45,0.000000000,7.656210875,33.571023560
46,0.000000000,10.302944720,39.234279790
47,0.000000000,8.946891121,72.084594090
48,0.000000000,3.746624977,57.997772180
49,0.000000000,9.094363677,44.801600570
50,0.000000000,6.303772846,72.152018730
51,0.000000000,7.257961831,50.219835530
52,0.000000000,6.547992944,74.218876610
53,0.000000000,6.146125321,70.355404330
54,0.000000000,10.050718280,74.156665650
55,0.000000000,9.912526244,71.144816090
56,0.000000000,5.646914399,75.952310690
57,0.000000000,6.255057684,32.878738290
58,0.000000000,7.310437516,63.861306070
59,0.000000000,5.256899093,67.183056250
60,0.000000000,2.302655133,65.807649040
61,0.000000000,6.793677384,47.294983460
62,0.000000000,6.281149677,72.292879950
63,0.000000000,4.985083349,38.307342320
64,0.000000000,6.191330296,31.804141160
65,0.000000000,7.782711288,54.633817620
66,0.000000000,13.199006990,66.363022870
67,0.000000000,5.082855626,50.405847790
68,0.000000000,10.622886370,47.549771480
69,0.000000000,4.795862312,37.404762500
70,0.000000000,5.182935334,79.514070310
71,0.000000000,7.421704150,58.238503600
72,0.000000000,4.545924702,63.325703800
73,0.000000000,5.081357369,62.422134140
74,0.000000000,8.489060227,23.898195770
75,0.000000000,4.568462605,52.640574690
76,0.000000000,9.245585431,40.608102690
77,0.000000000,11.644048330,34.929571710
78,0.000000000,6.845036353,49.753858430
79,0.000000000,7.984145627,51.058868180
80,0.000000000,4.516499333,45.967282520
81,0.000000000,5.764377029,73.353526220
82,0.000000000,2.081294307,58.913323210
83,0.000000000,8.725436858,67.011708120
84,0.000000000,6.581172839,29.949072430
85,0.000000000,4.764229100,70.495157900
86,0.000000000,6.304249749,58.401972840
87,0.000000000,5.592613405,84.840887540
88,0.000000000,9.025119782,55.973863090
89,0.000000000,10.117750610,71.594706300
90,0.000000000,10.991703080,38.115398560
91,0.000000000,10.330215530,64.569988990
92,0.000000000,7.016622422,48.667644390
93,0.000000000,7.534357206,37.495136130
94,0.000000000,7.388166774,45.459778160
95,0.000000000,11.891770730,49.361683210
96,0.000000000,9.196450518,49.130186920
97,0.000000000,9.454350218,38.754209860
98,0.000000000,1.450374728,54.988934750
99,0.000000000,4.402247593,48.959083920
100,0.000000000,4.512825498,46.775468730
101,0.000000000,7.206614625,41.388437230
102,0.000000000,9.593464512,35.881602660
103,0.000000000,9.312462931,71.487826930
104,0.000000000,0.239660318,69.153352410
105,0.000000000,7.860397038,72.129228710
106,0.000000000,7.363599356,69.172336830
107,0.000000000,10.370040830,76.169657380
108,0.000000000,6.707522553,49.242830520
109,0.000000000,9.903089512,45.319429810
110,0.000000000,3.708515183,78.380005550
111,0.000000000,6.583123097,50.052098560
112,0.000000000,4.378306596,84.132778230
113,0.000000000,9.453269070,52.391669100
114,0.000000000,14.051382820,74.469002310
115,0.000000000,6.587913936,34.407934230
116,0.000000000,5.680510569,70.744708630
117,0.000000000,7.190538348,92.042139380
118,0.000000000,5.867705105,59.620425610
119,0.000000000,6.232319136,77.140354890
120,0.000000000,7.567723114,57.061357180
121,0.000000000,1.734744020,67.487314040
122,0.000000000,5.537032073,66.848536120
123,0.000000000,5.136325430,42.323085620
124,0.000000000,4.003623157,35.281376180
125,0.000000000,4.295856618,40.237716180
126,0.000000000,7.007242316,66.546946860
127,0.000000000,5.454577833,32.776249580
128,0.000000000,7.174727881,49.160636100
129,0.000000000,4.929603371,38.285706300
130,0.000000000,8.964876817,66.719742000
131,0.000000000,2.271754353,45.713808760
132,0.000000000,4.487835706,45.560075010
133,0.000000000,4.607330419,66.668758830
134,0.000000000,6.697838320,64.798020300
135,0.000000000,0.310815338,70.157258760
136,0.000000000,5.356312430,40.234476640
137,0.000000000,6.846999170,39.270565280
138,0.000000000,4.645957998,74.898954090
139,0.000000000,11.375358990,51.236908010
140,0.000000000,5.506840117,98.202602750
141,0.000000000,2.511783198,50.303037560
142,0.000000000,4.806082509,67.243245870
143,0.000000000,7.150885535,48.315935560
144,0.000000000,10.128936110,50.260097190
145,0.000000000,8.425411239,40.733647480
146,0.000000000,11.502646210,54.590867630
147,0.000000000,3.194215022,70.182557110
148,0.000000000,4.570892311,78.547358040
149,0.000000000,4.036464180,60.329680230
150,0.000000000,6.574605973,35.079865160
151,0.000000000,7.421519305,60.048778330
152,0.000000000,7.557387048,58.732672170
153,0.000000000,2.271496469,60.831174180
154,0.000000000,5.167348606,47.264761350
155,0.000000000,8.489267761,57.849399230
156,0.000000000,12.045283800,62.205635220
157,0.000000000,5.385721900,39.488933410
158,0.000000000,1.147752749,65.944762450
159,0.000000000,6.781771293,43.337652390
160,0.000000000,0.390190696,51.570139360
161,0.000000000,5.510619070,67.615311490
162,0.000000000,5.903408266,72.574921720
163,0.000000000,4.247390578,28.757218900
164,0.000000000,10.873286980,32.195470500
165,0.000000000,5.665133688,88.072489510
166,0.000000000,2.709828369,71.026653460
167,0.000000000,6.535445219,36.682098130
168,0.000000000,9.338368793,53.456506510
169,0.000000000,6.893973271,86.012427010
170,0.000000000,4.409739933,75.627835610
171,0.000000000,9.625689941,37.350652810
172,0.000000000,7.208146890,35.768811350
173,0.000000000,5.117476606,34.781543720
174,0.000000000,4.548697840,75.115482940
175,0.000000000,3.686535093,44.369484330
176,0.000000000,4.271081545,82.723680530
177,0.000000000,9.349435143,37.288152520
178,0.000000000,4.626560598,52.417592840
179,0.000000000,3.717014871,54.605553750
180,0.000000000,4.904485444,49.898566790
181,0.000000000,5.773507845,65.522522400
182,0.000000000,9.418651280,52.511618380
183,0.000000000,10.321627790,53.604478840
184,0.000000000,5.871358261,73.181027460
185,0.000000000,5.783165018,36.911050740
186,0.000000000,6.968697594,61.289801520
187,0.000000000,7.482311559,36.005808500
188,0.000000000,3.112147248,28.661631630
189,0.000000000,5.477480903,64.214165350
190,0.000000000,11.471151560,35.005120930
191,0.000000000,6.653413292,39.234558050
192,0.000000000,8.147416250,38.151972060
193,0.000000000,9.992950907,92.963491950
194,0.000000000,6.999221818,58.985643170
195,0.000000000,5.871196278,47.875244660
196,0.000000000,4.214774393,55.766727240
197,0.000000000,1.492106626,42.238941500
198,0.000000000,9.501363073,57.557283100
199,0.000000000,7.000058893,56.726677130
200,0.000000000,11.137344530,37.407279120
201,0.000000000,11.832191530,71.818784560
202,0.000000000,6.359010180,57.695460930
203,0.000000000,7.078754042,78.179153360
204,0.000000000,8.905332593,78.994094330
205,0.000000000,13.246219320,77.464111090
206,0.000000000,8.114276303,49.064065620
207,0.000000000,9.138378550,52.364354450
208,0.000000000,3.906224548,50.741725310
209,0.000000000,9.475852185,80.469260520
210,0.000000000,7.522195949,61.521658180
211,0.000000000,12.287665850,73.044780970
212,0.000000000,7.499801872,36.039209640
213,0.000000000,4.003851636,59.796446020
214,0.000000000,8.319777854,56.790525340
215,0.000000000,3.910716564,40.355662410
216,0.000000000,0.145034143,54.138755570
217,0.000000000,2.511646677,75.348275030
218,0.000000000,13.732404400,64.510464750
219,0.000000000,6.378177792,46.076893780
220,0.000000000,7.961503054,63.665478210
221,0.000000000,5.076483149,70.979715620
222,0.000000000,10.751382630,74.093997420
223,0.000000000,6.853963014,45.453985070
224,0.000000000,5.801833382,73.541409080
225,0.000000000,4.228862254,33.939124080
226,0.000000000,5.177727837,47.357701520
227,0.000000000,6.625209289,43.354425350
228,0.000000000,7.088463926,83.183835970
229,0.000000000,8.924449658,72.954293680
230,0.000000000,6.851315975,45.148400060
231,0.000000000,7.589292444,43.996169840
232,0.000000000,1.970764399,67.056995570
233,0.000000000,12.011870140,20.571633330
234,0.000000000,8.119784294,56.568931150
235,0.000000000,6.388655871,76.673824490
236,0.000000000,9.230568502,55.858785230
237,0.000000000,7.181458267,30.882694730
238,0.000000000,4.163778670,62.965704140
239,0.000000000,6.977026237,69.071301430
240,0.000000000,6.422691106,62.679419630
241,0.000000000,5.602384584,74.402579900
242,0.000000000,4.134640314,47.407852470
243,0.000000000,8.280559283,46.080346760
244,0.000000000,8.673995841,66.167001190
245,0.000000000,8.772316327,72.417064530
246,0.000000000,3.640991298,65.325911590
247,0.000000000,8.565812173,85.987173790
248,0.000000000,6.910744616,43.907687960
249,0.000000000,2.438243214,53.971899220
250,0.000000000,7.193984710,54.673485910
251,0.000000000,9.392176614,46.008293560
252,0.000000000,7.110098982,60.195562780
253,0.000000000,1.694136741,69.251242080
254,0.000000000,7.438104752,47.626611560
255,0.000000000,6.384890340,61.433558510
256,0.000000000,8.830806838,55.305417020
257,0.000000000,5.721781847,71.172862620
258,0.000000000,7.181307752,50.348442490
259,0.000000000,3.020630404,56.972667400
260,0.000000000,2.978589347,59.874328230
261,0.000000000,6.306878751,28.237746400
262,0.000000000,4.409139146,53.895782470
263,0.000000000,10.199197530,60.631701130
264,0.000000000,2.841128557,76.390448830
265,0.000000000,9.291686156,29.745849060
266,0.000000000,13.653987050,65.153104610
267,0.000000000,7.043543728,55.662070270
268,0.000000000,4.803995300,79.931963840
269,0.000000000,8.263046314,47.560567450
270,0.000000000,12.278579540,53.714942600
271,0.000000000,2.867729074,55.480387160
272,0.000000000,6.702784392,48.330606820
273,0.000000000,10.046998960,46.842508550
274,0.000000000,7.407165864,62.806230140
275,0.000000000,2.094531799,61.380456380
276,0.000000000,10.299656450,78.443494870
277,0.000000000,6.211327821,69.937499790
278,0.000000000,0.939462474,78.429082810
279,0.000000000,2.788476349,11.740125660
280,0.000000000,9.059405318,31.674188780
281,0.000000000,5.577362835,56.839884980
282,0.000000000,5.301232014,51.273988880
283,0.000000000,4.847803194,56.692859300
284,0.000000000,4.185604624,31.218450020
285,0.000000000,7.016181935,67.448984800
286,0.000000000,6.968286137,62.227744730
287,0.000000000,11.361012540,50.031690900
288,0.000000000,3.711139541,53.112073780
289,0.000000000,8.369185361,36.770887690
290,0.000000000,4.769732810,61.964361800
291,0.000000000,9.556081371,58.099091420
292,0.000000000,6.630210564,50.363986500
293,0.000000000,7.956154454,53.924111910
294,0.000000000,7.715732588,59.336579710
295,0.000000000,3.254296175,35.514284060
296,0.000000000,5.189003781,67.452870340
297,0.000000000,2.511704088,56.270949550
298,0.000000000,4.650262007,63.956692060
299,0.000000000,3.175259247,39.659033630
300,0.000000000,8.719121000,43.306178240
301,0.000000000,7.581448391,54.735428320
302,0.000000000,12.723886310,68.647153060
303,0.000000000,4.962036063,55.260701990
304,0.000000000,2.981105778,49.516439110
305,0.000000000,7.624957041,54.838584940
306,0.000000000,8.039612507,52.230746030
307,0.000000000,11.821565510,58.824521000
308,0.000000000,9.674628642,60.163069420
309,0.000000000,9.397396041,25.682856290
310,0.000000000,7.501820526,71.570027930
311,0.000000000,7.775212548,61.420717040
312,0.000000000,6.437513648,43.616047560
313,0.000000000,7.401051540,66.918583480
314,0.000000000,6.526370540,42.253595410
315,0.000000000,7.653181126,41.002962960
316,0.000000000,8.560054957,58.271705340
317,0.000000000,8.182530900,53.264181000
318,0.000000000,1.262310241,46.253740980
319,0.000000000,5.364138714,54.581441830
320,0.000000000,5.991187634,48.635968970
321,0.000000000,6.183863110,35.816073730
322,0.000000000,5.113466277,67.063660340
323,0.000000000,7.034657254,69.355719480
324,0.000000000,9.511737273,58.196301380
325,0.000000000,7.064692205,70.092727950
326,0.000000000,3.304156546,47.487812920
327,0.000000000,6.720533886,62.012589250
328,0.000000000,6.337321946,59.229687920
329,0.000000000,3.111944833,45.097084200
330,0.000000000,5.041809348,63.794837420
331,0.000000000,5.983357126,57.627905810
332,0.000000000,11.705105940,32.147657390
333,0.000000000,6.484849011,39.334261940
334,0.000000000,7.748836453,57.919760060
335,0.000000000,6.484677728,62.220947040
336,0.000000000,10.187672330,57.615326940
337,0.000000000,9.096100937,55.158339740
338,0.000000000,9.390243066,40.250977350
339,0.000000000,11.565045080,69.516832490
340,0.000000000,6.655858260,62.395747550
341,0.000000000,5.057608891,36.077296290
342,0.000000000,6.032529202,66.066488420
343,0.000000000,2.896973197,65.099617930
344,0.000000000,8.357575666,66.357119700
345,0.000000000,2.237270741,50.399850240
346,0.000000000,10.068041040,39.140889020
347,0.000000000,4.894334939,42.220403920
348,0.000000000,5.523969392,23.143400560
349,0.000000000,1.565613458,40.471910860
350,0.000000000,8.606411241,39.452706230
351,0.000000000,8.099135972,34.658432940
352,0.000000000,5.982363109,57.532956480
353,0.000000000,10.238653340,77.277728140
354,0.000000000,8.569540209,51.240346810
355,0.000000000,6.864121151,72.017090450
356,0.000000000,7.130080282,67.566317940
357,0.000000000,7.358026827,49.360765480
358,0.000000000,7.376520413,64.462207880
359,0.000000000,10.795997240,70.768816250
360,0.000000000,9.718022813,52.698106970
361,0.000000000,5.939560093,78.847770910
362,0.000000000,2.183773340,56.139746460
363,0.000000000,5.140035294,39.040889710
364,0.000000000,7.159747319,65.951287840
365,0.000000000,2.215651928,60.921929500
366,0.000000000,7.465066934,41.246452030
367,0.000000000,6.117312108,45.541834800
368,0.000000000,6.511328880,54.068751570
369,0.000000000,8.664552074,27.019374440
370,0.000000000,8.779019206,43.709841600
371,0.000000000,2.786071444,70.922715560
372,0.000000000,10.402628600,70.169845820
373,0.000000000,6.818546816,63.078186210
374,0.000000000,5.907932103,55.948455250
375,0.000000000,6.776888425,49.697310670
376,0.000000000,7.259910626,53.415599270
377,0.000000000,9.699155575,79.808090620
378,0.000000000,7.317168261,33.326278670
379,0.000000000,5.154471054,77.355589530
380,0.000000000,8.465672460,50.636438630
381,0.000000000,8.779742170,64.056561310
382,0.000000000,4.446655195,53.049263410
383,0.000000000,10.545705630,26.647154490
384,0.000000000,4.994730225,54.334227130
385,0.000000000,9.327996797,82.956157480
386,0.000000000,9.160705483,84.310765380
387,0.000000000,6.650890925,62.726164480
388,0.000000000,7.303775537,52.922258160
389,0.000000000,3.449057149,27.272928010
390,0.000000000,7.583152603,65.179873530
391,0.000000000,3.986858835,57.341919850
392,0.000000000,14.440521880,47.713362030
393,0.000000000,9.542090218,36.570016090
394,0.000000000,5.312018380,73.293925470
395,0.000000000,7.798752309,37.191772600
396,0.000000000,5.471843010,59.028863740
397,0.000000000,3.425546811,39.653789260
398,0.000000000,6.748680136,57.163939750
399,0.000000000,4.538570584,63.561645120
400,0.000000000,11.854125920,61.238862120
401,0.000000000,8.356368661,64.522594540
402,0.000000000,8.749852217,47.176345370
403,0.000000000,6.542380044,46.237886350
404,0.000000000,3.570409821,64.040964640
405,0.000000000,7.707984913,55.619032090
406,0.000000000,6.904561863,58.523246950
407,0.000000000,12.634843950,37.547372860
408,0.000000000,5.078708317,82.750271480
409,0.000000000,9.424225204,78.494152620
410,0.000000000,10.872940160,76.945580550
411,0.000000000,4.996653932,54.513715540
412,0.000000000,9.582822426,55.278331480
413,0.000000000,3.709432417,49.603229390
414,0.000000000,6.370797779,52.422362540
415,0.000000000,5.197650035,61.436122210
416,0.000000000,5.315338217,56.004141250
417,0.000000000,3.682170854,82.011014040
418,0.000000000,7.823352408,60.371372020
419,0.000000000,13.378772110,50.934182110
420,0.000000000,9.785548390,56.094595050
421,0.000000000,8.709637564,66.634539610
422,0.000000000,4.720373537,43.795879370
423,0.000000000,8.757877431,54.076432230
424,0.000000000,3.090514510,52.261240210
425,0.000000000,5.130975292,35.439453260
426,0.000000000,6.105034578,27.891888320
427,0.000000000,7.383516341,69.437047720
428,0.000000000,6.936648948,66.339134850
429,0.000000000,8.534341214,70.816785800
430,0.000000000,8.663275072,37.932961000
431,0.000000000,3.930056737,43.082372610
432,0.000000000,3.631815982,43.830897970
433,0.000000000,6.251004989,60.432234420
434,0.000000000,10.110722350,80.918146650
435,0.000000000,6.286292616,50.709233140
436,0.000000000,9.652606586,62.124562890
437,0.000000000,7.068822060,83.957249370
438,0.000000000,8.674867522,15.416075510
439,0.000000000,6.766187414,46.974336340
440,0.000000000,5.480532598,54.780539520
441,0.000000000,1.254545753,63.104127360
442,0.000000000,4.596000978,68.464117130
443,0.000000000,7.615416240,43.835162610
444,0.000000000,3.717884473,48.955385420
445,0.000000000,4.297526392,72.555723070
446,0.000000000,14.033215300,52.004278620
447,0.000000000,7.539172610,52.246884220
448,0.000000000,5.475547710,62.185718550
449,0.000000000,7.818140589,85.660996190
450,0.000000000,7.552298946,62.041657200
451,0.000000000,1.417184228,62.845996030
452,0.000000000,5.961407927,57.383232510
453,0.000000000,12.452169130,44.471612400
454,0.000000000,9.337654743,48.015464700
455,0.000000000,3.402563280,63.435894030
456,0.000000000,2.068707386,39.098984360
457,0.000000000,12.501720000,79.856459810
458,0.000000000,9.619576752,65.152154360
459,0.000000000,9.544569284,77.507423590
460,0.000000000,9.475986289,80.810106960
461,0.000000000,7.193411873,17.934408190
462,0.000000000,4.112366499,69.024734030
463,0.000000000,6.708061621,41.984468070
464,0.000000000,4.447498488,103.988901300
465,0.000000000,5.897057313,88.807647150
466,0.000000000,5.988356823,24.860511320
467,0.000000000,2.800676564,74.782930360
468,0.000000000,8.586122149,79.737250080
469,0.000000000,8.609213041,43.814552380
470,0.000000000,7.391204582,51.709125540
471,0.000000000,10.081489210,45.167994510
472,0.000000000,9.938279670,46.014722640
473,0.000000000,7.236670428,80.029349300
474,0.000000000,10.782063060,43.906963520
475,0.000000000,5.965444736,53.596921680
476,0.000000000,2.709577044,32.765854920
477,0.000000000,1.598044298,55.494542380
478,0.000000000,13.571920700,60.756300640
479,0.000000000,5.536762429,69.819229590
480,0.000000000,7.927845508,37.327435260
481,0.000000000,6.604874824,24.283522950
482,0.000000000,6.256522619,70.039032890
483,0.000000000,5.536924293,66.056243040
484,0.000000000,5.722829220,63.183716200
485,0.000000000,10.100177700,41.406415930
486,0.000000000,6.505182001,59.304158270
487,0.000000000,10.466131100,82.525492790
488,0.000000000,6.516569225,37.762896940
489,0.000000000,5.030084570,47.430894950
490,0.000000000,8.003067489,50.361543070
491,0.000000000,8.131339188,44.397547000
492,0.000000000,7.649896862,33.846074200
493,0.000000000,0.571834872,36.628877800
494,0.000000000,6.063358572,80.743004800
495,0.000000000,8.717043609,69.800067890
496,0.000000000,6.639576878,26.559894370
497,0.000000000,0.730259870,84.015246720
498,0.000000000,11.696159830,64.409160120
499,0.000000000,1.626690256,51.829634060
500,0.000000000,8.145475773,73.273082160
501,0.000000000,6.535728108,56.760985920
502,0.000000000,8.648430801,41.091749220
503,0.000000000,8.815039600,52.134210290
504,0.000000000,5.267142596,37.950851660
505,0.000000000,1.280057235,50.323463190
506,0.000000000,3.206705314,62.668060130
507,0.000000000,10.904625520,46.755740560
508,0.000000000,2.860466017,89.876615510
509,0.000000000,12.678927280,51.079333520
510,0.000000000,5.226552432,57.255496290
511,0.000000000,7.148867531,57.676337750
512,0.000000000,8.729037020,28.971530180
513,0.000000000,12.178795030,45.759899960
514,0.000000000,10.511941010,53.236486290
515,0.000000000,10.246850040,65.442894050
516,0.000000000,8.753561667,50.099022800
517,0.000000000,7.260030120,57.094641310
518,0.000000000,5.364835680,72.400850740
519,0.000000000,3.515542124,28.382477410
520,0.000000000,4.590618146,50.328562630
521,0.000000000,5.851586402,84.669110780
522,0.000000000,12.432876610,63.229779250
523,0.000000000,5.545438667,54.604250710
524,0.000000000,4.907886854,48.035747860
525,0.000000000,5.333213979,44.180649610
526,0.000000000,8.915678742,53.476515400
527,0.000000000,6.077479045,49.456180260
528,0.000000000,6.703323962,54.588162180
529,0.000000000,14.376451280,46.452597570
530,0.000000000,5.288371343,33.850609200
531,0.000000000,3.034582428,31.796843020
532,0.000000000,8.102988632,62.697717780
533,0.000000000,12.354475710,55.617045750
534,0.000000000,7.254464538,60.094153420
535,0.000000000,4.786794470,53.248529070
536,0.000000000,3.480537807,74.885666450
537,0.000000000,5.729555210,64.447476250
538,0.000000000,10.740492320,49.158838250
539,0.000000000,6.066474020,56.798074700
540,90.000000000,6.806365702,57.286344230
541,90.000000000,8.015560756,70.035767160
542,90.000000000,5.946534538,56.228183940
543,90.000000000,7.383027726,64.181047110
544,90.000000000,8.479258689,65.264243830
545,90.000000000,7.348813985,77.644880300
546,90.000000000,6.024519552,49.631222720
547,90.000000000,11.424390440,44.292002360
548,90.000000000,9.379063793,49.540730660
549,90.000000000,7.174619709,58.400998390
550,90.000000000,6.432657076,55.383653730
551,90.000000000,6.384407097,43.823606810
552,90.000000000,7.863236153,53.551281670
553,90.000000000,8.307235270,62.202308510
554,90.000000000,7.628368537,64.196459460
555,90.000000000,4.244211278,66.668499620
556,90.000000000,6.700873144,51.951557740
557,90.000000000,6.435196614,55.770475540
558,90.000000000,8.586463292,55.063836030
559,90.000000000,5.709321623,50.556215750
560,90.000000000,4.840292528,72.531843310
561,90.000000000,11.051848530,63.709816430
562,90.000000000,5.790340796,56.158437440
563,90.000000000,11.312724330,66.086594800
564,90.000000000,4.830554533,57.205012730
565,90.000000000,6.224334397,47.385149310
566,90.000000000,7.468243218,64.854935980
567,90.000000000,7.222974499,74.685180260
568,90.000000000,7.454281961,54.931619540
569,90.000000000,5.935933640,62.326305370
570,90.000000000,8.613054475,62.127330970
571,90.000000000,3.929924707,51.783867950
572,90.000000000,6.928247156,55.051368990
573,90.000000000,4.358701764,54.810246620
574,90.000000000,8.120800605,63.980008030
575,90.000000000,10.857547730,73.891669840
576,90.000000000,7.253787053,54.714813700
577,90.000000000,5.155758666,63.994143930
578,90.000000000,9.559462858,70.851843600
579,90.000000000,5.005067068,70.664878400
580,90.000000000,8.787528799,49.844565890
581,90.000000000,9.443527070,56.045618210
582,90.000000000,9.315287298,57.960591140
583,90.000000000,3.703374826,54.092673010
584,90.000000000,0.268755558,75.340928960
585,90.000000000,7.933367825,46.944360510
586,90.000000000,4.532470019,68.337055250
587,90.000000000,9.752379559,59.888382430
588,90.000000000,6.047813009,50.654181560
589,90.000000000,7.809147511,63.137907470
590,90.000000000,7.765051218,60.985893710
591,90.000000000,6.982637059,61.338391710
592,90.000000000,8.100387334,54.843521310
593,90.000000000,4.519953763,63.838885500
594,90.000000000,6.001673285,42.318318120
595,90.000000000,7.678160156,58.692188730
596,90.000000000,6.085325696,58.973421140
597,90.000000000,8.237029710,46.576460470
598,90.000000000,6.755561107,42.867511570
599,90.000000000,3.441863881,62.123883280
600,90.000000000,5.913351393,68.577317460
601,90.000000000,8.382315909,53.328319300
602,90.000000000,1.700747760,72.209738920
603,90.000000000,5.379281752,63.488604180
604,90.000000000,10.264664230,73.738349770
605,90.000000000,8.139644935,56.326376250
606,90.000000000,4.076053009,57.499988090
607,90.000000000,5.802015618,69.435662650
608,90.000000000,10.154590510,63.195156040
609,90.000000000,11.649870840,62.109743690
610,90.000000000,6.027006218,76.381450740
611,90.000000000,5.860357194,61.890951780
612,90.000000000,6.374019908,56.332102660
613,90.000000000,5.549220949,52.714374220
614,90.000000000,7.208366326,68.740522720
615,90.000000000,8.062746011,69.034242290
616,90.000000000,4.397985368,57.207377830
617,90.000000000,10.375472760,45.836825980
618,90.000000000,8.776209864,58.450718750
619,90.000000000,7.620255473,47.066206660
620,90.000000000,6.121927516,59.815339480
621,90.000000000,10.421183750,62.674085650
622,90.000000000,2.469811037,63.942763380
623,90.000000000,6.829303982,58.165195920
624,90.000000000,4.789367049,51.733987330
625,90.000000000,7.318078838,48.090477690
626,90.000000000,7.955613668,75.918565560
627,90.000000000,10.370607680,62.735678390
628,90.000000000,5.301039774,55.063857590
629,90.000000000,6.892018797,55.521248030
630,90.000000000,7.258048134,52.516105240
631,90.000000000,10.205081020,72.906770330
632,90.000000000,3.983520262,46.427462790
633,90.000000000,4.264402623,51.219410950
634,90.000000000,4.897555107,59.729149290
635,90.000000000,8.230810674,46.367372340
636,90.000000000,7.073133992,52.399575760
637,90.000000000,6.293921612,58.829747500
638,90.000000000,11.420439950,52.604264250
639,90.000000000,8.948995438,61.543949360
640,90.000000000,4.945254903,51.945278940
641,90.000000000,8.244370416,49.244695200
642,90.000000000,5.876183432,40.180910930
643,90.000000000,9.578793258,71.234540250
644,90.000000000,7.940784389,61.511381530
645,90.000000000,3.851419943,53.582761470
646,90.000000000,8.790863127,70.645200210
647,90.000000000,6.127554526,54.434751740
648,90.000000000,7.694832955,56.364748610
649,90.000000000,4.486241103,52.235771880
650,90.000000000,2.713044998,56.279666700
651,90.000000000,4.410736542,54.046374520
652,90.000000000,7.921600531,63.964180760
653,90.000000000,8.984130429,62.284742210
654,90.000000000,3.636983303,61.322979700
655,90.000000000,13.374854780,71.332088200
656,90.000000000,7.945554907,61.798402890
657,90.000000000,12.953637180,55.966834550
658,90.000000000,4.907569069,62.735554100
659,90.000000000,10.945613950,66.722998440
660,90.000000000,7.627815067,64.056357240
661,90.000000000,4.603715911,66.377047520
662,90.000000000,6.427924646,50.713051560
663,90.000000000,3.067748085,56.424092090
664,90.000000000,7.190650112,47.984943250
665,90.000000000,6.165347545,50.823674880
666,90.000000000,4.394217763,48.126647230
667,90.000000000,4.863895642,66.902345020
668,90.000000000,8.985718453,53.927701010
669,90.000000000,4.947140131,58.284323460
670,90.000000000,9.513658786,50.209379010
671,90.000000000,4.304101597,47.315782840
672,90.000000000,9.057567438,68.253198850
673,90.000000000,8.160306227,58.039017630
674,90.000000000,0.305722603,73.389837810
675,90.000000000,5.366960342,58.355218230
676,90.000000000,6.272844574,47.322437210
677,90.000000000,10.988621630,43.848511700
678,90.000000000,4.090984483,60.577882220
679,90.000000000,4.512599240,62.475083160
680,90.000000000,7.446667467,69.652585280
681,90.000000000,5.984565028,64.181330800
682,90.000000000,5.204978147,50.572548100
683,90.000000000,7.068781345,64.552828510
684,90.000000000,4.446795086,56.260700330
685,90.000000000,11.655462830,55.017232860
686,90.000000000,8.507889841,66.487421280
687,90.000000000,5.931261221,51.433873520
688,90.000000000,10.596865350,72.371383500
689,90.000000000,8.262472405,47.813665360
690,90.000000000,6.930538236,47.989249100
691,90.000000000,6.260067199,50.735052460
692,90.000000000,8.503453299,64.597785850
693,90.000000000,4.201790672,62.512064310
694,90.000000000,3.392765048,60.137834330
695,90.000000000,3.656530066,49.994797880
696,90.000000000,7.575361991,63.482075850
697,90.000000000,7.615873541,64.619238400
698,90.000000000,10.853242140,54.193898010
699,90.000000000,7.518721136,72.813177460
700,90.000000000,8.101342766,65.497143750
701,90.000000000,9.127881894,54.495993570
702,90.000000000,4.395253848,47.042864390
703,90.000000000,4.063183041,61.764554550
704,90.000000000,4.685389886,58.608490940
705,90.000000000,6.632902190,55.351636150
706,90.000000000,8.029073826,59.298684400
707,90.000000000,9.252671988,57.881817850
708,90.000000000,5.959359254,49.259128730
709,90.000000000,10.883420900,67.231404580
710,90.000000000,9.845168135,57.443954780
711,90.000000000,7.732436374,57.870470850
712,90.000000000,7.785063798,59.836554640
713,90.000000000,3.268975323,67.038823590
714,90.000000000,6.709406750,52.366516220
715,90.000000000,10.198703100,63.742400830
716,90.000000000,9.282023511,45.465040950
717,90.000000000,5.866849990,56.208926200
718,90.000000000,4.845660990,50.952915080
719,90.000000000,11.946137460,61.485847220
720,90.000000000,9.184196791,65.789546880
721,90.000000000,7.768986170,67.045308490
722,90.000000000,10.594980870,64.509446750
723,90.000000000,12.402937830,64.578551720
724,90.000000000,6.086965405,80.031619500
725,90.000000000,3.337762761,50.547795940
726,90.000000000,6.125184889,61.461203770
727,90.000000000,7.065295109,51.143765760
728,90.000000000,9.940002825,68.968150110
729,90.000000000,8.032185119,55.631652900
730,90.000000000,6.801273283,62.269909740
731,90.000000000,5.226207042,51.915443660
732,90.000000000,6.916143856,41.553819800
733,90.000000000,8.884554102,56.015594010
734,90.000000000,8.682343623,56.791691740
735,90.000000000,4.385964347,59.485082880
736,90.000000000,4.498703877,67.704662530
737,90.000000000,4.496964795,57.536611450
738,90.000000000,8.225219886,60.409419520
739,90.000000000,4.508987926,52.115876820
740,90.000000000,6.785902550,67.326538520
741,90.000000000,5.167153432,49.196800630
742,90.000000000,8.067267716,54.296600020
743,90.000000000,5.798586670,62.934956800
744,90.000000000,7.550537669,55.850428890
745,90.000000000,4.025662555,54.837548170
746,90.000000000,4.054611729,65.577317500
747,90.000000000,10.285611630,61.662903090
748,90.000000000,3.493068806,65.716308060
749,90.000000000,6.022884781,53.592334100
750,90.000000000,7.083954702,52.843871260
751,90.000000000,8.285424793,60.029816700
752,90.000000000,10.519121700,53.803958140
753,90.000000000,5.263522485,63.377778860
754,90.000000000,4.846490761,64.481331190
755,90.000000000,7.213099100,50.353296380
756,90.000000000,7.139701959,48.346839110
757,90.000000000,3.163418507,49.468292080
758,90.000000000,8.113569496,72.784883770
759,90.000000000,5.376332077,52.977355700
760,90.000000000,13.371038850,49.177519260
761,90.000000000,7.409398961,55.402946910
762,90.000000000,3.455991474,62.789173680
763,90.000000000,8.223453555,56.831727310
764,90.000000000,10.387869820,68.467306290
765,90.000000000,8.553125023,58.721740460
766,90.000000000,4.966052797,61.411245640
767,90.000000000,3.980067832,43.107489730
768,90.000000000,8.301440011,43.707402440
769,90.000000000,7.889547706,57.603262070
770,90.000000000,5.108723045,55.226873200
771,90.000000000,8.316191891,64.194886640
772,90.000000000,8.292878375,62.231488380
773,90.000000000,4.358339122,69.887214370
774,90.000000000,3.756586097,61.100532480
775,90.000000000,9.917467535,53.197071750
776,90.000000000,7.687068033,61.411912380
777,90.000000000,8.550559749,59.167551820
778,90.000000000,6.625779457,59.522186380
779,90.000000000,5.503209236,59.222918980
780,90.000000000,3.881669855,70.903899450
781,90.000000000,4.816469358,66.442575120
782,90.000000000,9.710165037,63.467185720
783,90.000000000,2.638171914,53.765567520
784,90.000000000,4.331442910,71.673396610
785,90.000000000,6.555169916,60.322364900
786,90.000000000,7.231542149,66.934401100
787,90.000000000,4.698996486,70.930591690
788,90.000000000,8.283954410,62.979470540
789,90.000000000,6.726347404,43.533321080
790,90.000000000,7.646445662,55.136908650
791,90.000000000,5.256326279,46.966045110
792,90.000000000,6.633924020,58.914995170
793,90.000000000,5.934471923,49.580382670
794,90.000000000,4.397253857,42.673534970
795,90.000000000,11.078922000,60.532618370
796,90.000000000,10.026988730,62.612121270
797,90.000000000,2.042771793,64.517457430
798,90.000000000,4.184841900,50.108644930
799,90.000000000,6.731856921,74.109337290
800,90.000000000,6.412291080,60.878525360
801,90.000000000,9.934105698,48.057205890
802,90.000000000,7.275449021,65.260139730
803,90.000000000,7.628923250,52.488265310
804,90.000000000,7.184183586,67.052627880
805,90.000000000,7.010009488,66.165229280
806,90.000000000,7.859055819,64.358245700
807,90.000000000,3.655757051,41.309351300
808,90.000000000,13.484945100,51.305620900
809,90.000000000,7.893335158,55.038357010
810,90.000000000,6.236714589,50.031261060
811,90.000000000,6.431890567,53.806119370
812,90.000000000,6.999142369,59.739833460
813,90.000000000,6.511227842,68.664498440
814,90.000000000,9.314064069,50.850283370
815,90.000000000,5.030448557,66.586669250
816,90.000000000,5.069931009,50.577830250
817,90.000000000,9.129447620,58.605182200
818,90.000000000,7.408036458,54.043949550
819,90.000000000,2.419548700,55.326406340
820,90.000000000,11.046366650,68.112438770
821,90.000000000,8.056564522,56.399403360
822,90.000000000,2.592426357,39.338976700
823,90.000000000,5.416864671,45.708480210
824,90.000000000,9.030872441,52.962311450
825,90.000000000,7.763674380,48.865621000
826,90.000000000,4.512133015,70.897369480
827,90.000000000,7.936473569,59.694738280
828,90.000000000,7.610431332,51.690374160
829,90.000000000,5.424338358,55.608238410
830,90.000000000,7.961192784,66.759727180
831,90.000000000,10.067123160,56.037886470
832,90.000000000,3.986478767,66.039915220
833,90.000000000,5.950117809,67.275023090
834,90.000000000,5.431134657,63.492795870
835,90.000000000,11.704404060,53.744192680
836,90.000000000,9.342773222,72.245242060
837,90.000000000,3.715390743,55.747608720
838,90.000000000,10.387381080,52.761678880
839,90.000000000,5.731748485,58.872100570
840,90.000000000,6.755934989,58.560270710
841,90.000000000,11.062069750,59.789096240
842,90.000000000,8.584799756,43.918628520
843,90.000000000,8.702714825,61.560520690
844,90.000000000,3.615779270,48.585936040
845,90.000000000,3.198545915,53.758940890
846,90.000000000,12.124310630,49.725199270
847,90.000000000,12.656475300,59.474330840
848,90.000000000,7.773839263,65.750679580
849,90.000000000,9.785760649,60.920523240
850,90.000000000,6.446966933,56.822869730
851,90.000000000,4.434005542,52.984731830
852,90.000000000,6.074420225,48.818081820
853,90.000000000,9.083087084,51.911681230
854,90.000000000,5.871679379,56.891311900
855,90.000000000,7.361976848,64.311939180
856,90.000000000,9.006065761,65.732709170
857,90.000000000,9.570823737,64.622001510
858,90.000000000,4.692440844,50.858541510
859,90.000000000,8.613776019,49.636952050
860,90.000000000,7.856830073,60.199835530
861,90.000000000,4.994143219,60.903530570
862,90.000000000,3.443956233,74.827872710
863,90.000000000,10.545974070,52.505197340
864,90.000000000,9.074071663,41.229327590
865,90.000000000,7.343651255,61.001656920
866,90.000000000,8.094292492,64.798783330
867,90.000000000,8.888342939,51.811905280
868,90.000000000,9.670076998,54.823989310
869,90.000000000,6.784842008,66.539578440
870,90.000000000,4.884837233,57.565187910
871,90.000000000,1.763323837,72.825002280
872,90.000000000,6.983436416,54.904121670
873,90.000000000,7.094243265,71.525700340
874,90.000000000,9.076342036,59.939944470
875,90.000000000,7.083012810,68.403659850
876,90.000000000,6.506421311,62.661268630
877,90.000000000,8.595967610,47.823710160
878,90.000000000,9.227924576,46.419165140
879,90.000000000,10.769812240,60.800672410
880,90.000000000,7.547815840,52.776995870
881,90.000000000,7.259853577,62.728465830
882,90.000000000,6.350163970,64.916830870
883,90.000000000,4.314773893,51.979237190
884,90.000000000,4.088460688,50.860096740
885,90.000000000,3.640496443,50.280644610
886,90.000000000,5.703058622,42.771427980
887,90.000000000,6.281831091,59.226627460
888,90.000000000,10.030505330,67.971345020
889,90.000000000,7.472358273,56.653253270
890,90.000000000,8.299720320,59.563594990
891,90.000000000,7.199269459,65.291630400
892,90.000000000,8.745418668,50.323342220
893,90.000000000,5.735299580,63.950894660
894,90.000000000,7.145283841,43.426528270
895,90.000000000,7.019053841,68.973414380
896,90.000000000,7.695706288,47.170553620
897,90.000000000,5.838642712,73.345328760
898,90.000000000,4.748129340,59.142790410
899,90.000000000,3.498744919,50.455710000
900,90.000000000,8.697175051,70.523926210
901,90.000000000,4.721770237,56.083906780
902,90.000000000,7.683737988,58.470005070
903,90.000000000,9.835441363,50.325025600
904,90.000000000,5.535507335,70.674804220
905,90.000000000,11.423136500,58.790714790
906,90.000000000,2.805627619,53.791949190
907,90.000000000,4.976886649,67.110068070
908,90.000000000,4.603446428,54.469380700
909,90.000000000,7.520645180,66.618848240
910,90.000000000,6.392640116,53.489158670
911,90.000000000,7.382023326,63.070902810
912,90.000000000,7.775557184,68.607840410
913,90.000000000,10.815308850,43.736501590
914,90.000000000,7.556189509,57.827522360
915,90.000000000,6.096099382,58.572281730
916,90.000000000,7.243810314,59.824602330
917,90.000000000,5.820327681,64.973091420
918,90.000000000,11.495478330,58.843197270
919,90.000000000,6.624529848,66.958941310
920,90.000000000,8.586120446,57.315247320
921,90.000000000,3.310850610,56.770191680
922,90.000000000,5.659668913,58.863854630
923,90.000000000,6.076755796,75.435687430
924,90.000000000,6.759423620,60.888620340
925,90.000000000,6.231992206,59.239052490
926,90.000000000,7.039248814,43.926118800
927,90.000000000,6.939351488,57.670300840
928,90.000000000,7.321570831,52.938438430
929,90.000000000,12.837001600,64.056607220
930,90.000000000,8.066052341,62.358606760
931,90.000000000,3.190613034,40.080085040
932,90.000000000,10.058630240,63.333256770
933,90.000000000,7.931103807,48.731020120
934,90.000000000,6.860687457,62.032579510
935,90.000000000,11.391945470,52.887435220
936,90.000000000,0.037638937,59.156843410
937,90.000000000,8.650571420,71.108088770
938,90.000000000,6.885763841,62.784927340
939,90.000000000,6.260255286,54.932542250
940,90.000000000,8.355592675,53.757717170
941,90.000000000,5.206565603,53.460332400
942,90.000000000,8.273362665,65.028493740
943,90.000000000,1.525229987,77.909414720
944,90.000000000,4.644694712,65.504686050
945,90.000000000,5.706272080,52.099577300
946,90.000000000,6.947322252,69.745514010
947,90.000000000,8.431718258,52.638796130
948,90.000000000,8.582371922,53.317323950
949,90.000000000,3.982204481,50.273632170
950,90.000000000,6.270969786,60.483248270
951,90.000000000,5.263850719,70.828474940
952,90.000000000,5.248527300,58.737941490
953,90.000000000,9.243224674,63.650691530
954,90.000000000,6.175868281,57.627219470
955,90.000000000,9.230848151,54.660267400
956,90.000000000,8.461537524,51.985963600
957,90.000000000,8.077033063,65.622231900
958,90.000000000,6.845224623,65.130087140
959,90.000000000,5.243969534,59.011513760
960,90.000000000,6.067400744,49.209140760
961,90.000000000,9.901504439,67.718896340
962,90.000000000,3.762640205,49.643983350
963,90.000000000,7.279301006,43.103989300
964,90.000000000,7.410758195,50.568878390
965,90.000000000,6.010934004,60.034398940
966,90.000000000,6.739064441,48.718417240
967,90.000000000,6.747680604,46.588098630
968,90.000000000,6.173211447,78.543150430
969,90.000000000,5.618280655,52.352975950
970,90.000000000,4.517336576,48.264796400
971,90.000000000,4.911098698,62.645859940
972,90.000000000,7.219646864,60.980006340
973,90.000000000,4.994573103,66.357268740
974,90.000000000,3.488630133,48.773365180
975,90.000000000,6.209549206,59.474325610
976,90.000000000,6.196672462,63.845757500
977,90.000000000,5.317427836,72.460194490
978,90.000000000,9.977783721,55.375074160
979,90.000000000,9.042909223,67.255181000
980,90.000000000,7.590350133,56.204163820
981,90.000000000,2.889715478,66.259254480
982,90.000000000,9.426890965,64.509501480
983,90.000000000,5.612081664,58.655072410
984,90.000000000,5.113643769,61.998310220
985,90.000000000,11.061857750,74.288315370
986,90.000000000,8.403434976,60.005337770
987,90.000000000,9.330932624,56.349176590
988,90.000000000,6.544660029,51.481758300
989,90.000000000,7.827562265,65.077479460
990,90.000000000,11.443057680,54.362587560
991,90.000000000,3.608572507,46.009743290
992,90.000000000,7.797528211,49.458641080
993,90.000000000,6.908628011,63.737054800
994,90.000000000,8.784742200,54.227573240
995,90.000000000,6.756564546,60.064018620
996,90.000000000,7.626516859,45.148174760
997,90.000000000,5.652524537,53.622745990
998,90.000000000,7.812505810,62.702041910
999,90.000000000,4.843831361,40.734358850
1000,90.000000000,4.212257426,71.960541630
1001,90.000000000,10.450892940,71.574356340
1002,90.000000000,5.224174240,62.265682550
1003,90.000000000,7.018037193,49.876233580
1004,90.000000000,2.751101080,63.681744690
1005,90.000000000,8.448110438,58.776644800
1006,90.000000000,2.454922641,43.072805850
1007,90.000000000,5.931334881,52.986943890
1008,90.000000000,6.891763917,50.209748630
1009,90.000000000,8.307963956,56.880256830
1010,90.000000000,4.851832374,77.637198850
1011,90.000000000,7.635860449,60.924088060
1012,90.000000000,8.014361636,55.150200220
1013,90.000000000,7.683345596,62.785020970
1014,90.000000000,5.048502764,59.837798200
1015,90.000000000,5.240447766,52.044507050
1016,90.000000000,8.057020252,47.067228520
1017,90.000000000,8.736592001,60.277804830
1018,90.000000000,9.076380351,47.019770470
1019,90.000000000,10.565613970,53.750789690
1020,90.000000000,4.161153983,67.629684150
1021,90.000000000,6.313200726,58.261073910
1022,90.000000000,6.078901595,77.434468000
1023,90.000000000,5.858634830,54.205123980
1024,90.000000000,7.607928431,79.842925280
1025,90.000000000,8.591259582,55.403527610
1026,90.000000000,3.866062513,54.816396640
1027,90.000000000,6.848025982,75.569590170
1028,90.000000000,8.193879413,56.545429090
1029,90.000000000,10.316797720,79.079542450
1030,90.000000000,3.489511717,58.828037770
1031,90.000000000,8.212032555,52.073804970
1032,90.000000000,7.201503308,61.097002660
1033,90.000000000,8.430157658,68.355798550
1034,90.000000000,6.711363578,54.059439130
1035,90.000000000,8.088110993,47.759176590
1036,90.000000000,7.619137864,66.931932350
1037,90.000000000,9.800925693,72.858286260
1038,90.000000000,10.079858560,65.519479400
1039,90.000000000,9.021042652,66.920143040
